time,distance,shake_intensity
4/6/2020 0:00,8.7,0
4/6/2020 0:00,10.6,0.5
4/6/2020 0:00,12.2,0.666666667
4/6/2020 0:00,7.4,1
4/6/2020 0:00,14.5,
4/6/2020 0:00,13.4,0
4/6/2020 0:00,9.1,0
4/6/2020 0:00,13.5,
4/6/2020 0:00,8.9,
4/6/2020 0:00,5.7,0.5
4/6/2020 0:00,13.8,
4/6/2020 0:00,9,
4/6/2020 0:00,11.6,
4/6/2020 0:00,10.7,1
4/6/2020 0:00,11.7,0.4
4/6/2020 0:00,11.5,
4/6/2020 1:00,8.9,0
4/6/2020 1:00,9.1,0
4/6/2020 1:00,10.7,
4/6/2020 1:00,8.7,
4/6/2020 1:00,13.4,1
4/6/2020 1:00,10.6,1
4/6/2020 1:00,13.8,
4/6/2020 1:00,11.4,
4/6/2020 1:00,12.2,0
4/6/2020 1:00,13.5,
4/6/2020 1:00,11.6,
4/6/2020 1:00,9,
4/6/2020 1:00,11.7,1
4/6/2020 1:00,14.5,1
4/6/2020 1:00,7.4,0
4/6/2020 1:00,12.5,
4/6/2020 2:00,8.9,
4/6/2020 2:00,7.4,0
4/6/2020 2:00,11.7,0
4/6/2020 2:00,13.5,
4/6/2020 2:00,9.1,
4/6/2020 2:00,10.6,
4/6/2020 2:00,12.2,0.5
4/6/2020 2:00,13.4,1
4/6/2020 2:00,10.7,
4/6/2020 2:00,9,
4/6/2020 2:00,12.5,
4/6/2020 2:00,14.5,
4/6/2020 2:00,11.4,0.5
4/6/2020 2:00,5.7,
4/6/2020 2:00,11.6,
4/6/2020 2:00,8.7,0.333333333
4/6/2020 2:00,13.8,
4/6/2020 3:00,11.7,0.666666667
4/6/2020 3:00,11.6,1
4/6/2020 3:00,14.5,
4/6/2020 3:00,13.8,
4/6/2020 3:00,10.7,
4/6/2020 3:00,10.6,1
4/6/2020 3:00,12.2,0.5
4/6/2020 3:00,12.5,
4/6/2020 3:00,7.4,1
4/6/2020 3:00,11.4,
4/6/2020 3:00,8.7,
4/6/2020 3:00,13.4,1
4/6/2020 3:00,9.1,
4/6/2020 3:00,8.9,
4/6/2020 3:00,13.5,1
4/6/2020 3:00,5.7,
4/6/2020 4:00,11.7,0.5
4/6/2020 4:00,13.8,0
4/6/2020 4:00,5.7,
4/6/2020 4:00,14.5,
4/6/2020 4:00,11.4,0
4/6/2020 4:00,9.1,
4/6/2020 4:00,8.9,0
4/6/2020 4:00,11.5,
4/6/2020 4:00,10.6,0.5
4/6/2020 4:00,13.5,
4/6/2020 4:00,13.4,1
4/6/2020 4:00,12.2,1
4/6/2020 4:00,10.7,
4/6/2020 4:00,11.6,
4/6/2020 4:00,7.4,
4/6/2020 4:00,12.5,1
4/6/2020 5:00,12.2,0.666666667
4/6/2020 5:00,13.4,1
4/6/2020 5:00,11.4,
4/6/2020 5:00,13.8,
4/6/2020 5:00,14.5,0
4/6/2020 5:00,9.1,
4/6/2020 5:00,11.5,
4/6/2020 5:00,7.4,1
4/6/2020 5:00,12.5,
4/6/2020 5:00,5.7,
4/6/2020 5:00,13.5,0.25
4/6/2020 5:00,8.7,
4/6/2020 5:00,11.6,1
4/6/2020 5:00,11.7,1
4/6/2020 5:00,9.5,
4/6/2020 5:00,10.6,
4/6/2020 5:00,10.7,
4/6/2020 5:00,8.9,
4/6/2020 6:00,12.2,0.25
4/6/2020 6:00,13.5,0
4/6/2020 6:00,13.4,0
4/6/2020 6:00,14.5,0.5
4/6/2020 6:00,11.5,
4/6/2020 6:00,5.7,
4/6/2020 6:00,7.4,
4/6/2020 6:00,10.6,
4/6/2020 6:00,10.7,0
4/6/2020 6:00,8.7,
4/6/2020 6:00,13.8,1
4/6/2020 6:00,9,
4/6/2020 6:00,11.6,
4/6/2020 6:00,9.1,0
4/6/2020 6:00,8.9,0.5
4/6/2020 6:00,11.7,0
4/6/2020 6:00,12.5,
4/6/2020 6:00,11.4,1
4/6/2020 7:00,13.5,1
4/6/2020 7:00,12.5,
4/6/2020 7:00,13.4,
4/6/2020 7:00,9,0
4/6/2020 7:00,13.8,0.2
4/6/2020 7:00,8.9,1
4/6/2020 7:00,8.7,
4/6/2020 7:00,9.1,
4/6/2020 7:00,12.2,0.5
4/6/2020 7:00,7.4,1
4/6/2020 7:00,14.5,
4/6/2020 7:00,10.6,0
4/6/2020 7:00,11.4,
4/6/2020 7:00,11.5,1
4/6/2020 7:00,9.5,
4/6/2020 7:00,10.7,0.5
4/6/2020 7:00,11.7,
4/6/2020 7:00,5.7,
4/6/2020 7:00,11.6,
4/6/2020 8:00,11.6,
4/6/2020 8:00,12.5,1
4/6/2020 8:00,8.9,0
4/6/2020 8:00,10.7,
4/6/2020 8:00,13.4,0
4/6/2020 8:00,11.7,0
4/6/2020 8:00,5.7,
4/6/2020 8:00,7.4,0
4/6/2020 8:00,13.8,0
4/6/2020 8:00,12.2,1
4/6/2020 8:00,13.5,
4/6/2020 8:00,10.6,0.5
4/6/2020 8:00,11.5,1
4/6/2020 8:00,11.4,
4/6/2020 8:00,9,0.5
4/6/2020 8:00,9.1,0
4/6/2020 8:00,14.5,
4/6/2020 9:00,8.9,
4/6/2020 9:00,9.5,
4/6/2020 9:00,11.5,
4/6/2020 9:00,10.7,1
4/6/2020 9:00,8.7,1
4/6/2020 9:00,9.1,1
4/6/2020 9:00,11.4,
4/6/2020 9:00,13.4,0
4/6/2020 9:00,11.7,1
4/6/2020 9:00,10.6,0.5
4/6/2020 9:00,12.2,1
4/6/2020 9:00,11.6,
4/6/2020 9:00,5.7,
4/6/2020 9:00,7.4,
4/6/2020 9:00,13.8,1
4/6/2020 9:00,13.5,1
4/6/2020 9:00,9,
4/6/2020 9:00,14.5,
4/6/2020 9:00,12.5,
4/6/2020 10:00,12.5,
4/6/2020 10:00,13.5,
4/6/2020 10:00,10.6,0
4/6/2020 10:00,12.2,
4/6/2020 10:00,8.7,
4/6/2020 10:00,13.4,0
4/6/2020 10:00,5.7,
4/6/2020 10:00,11.7,1
4/6/2020 10:00,10.7,
4/6/2020 10:00,9.1,
4/6/2020 10:00,7.4,0
4/6/2020 10:00,14.5,
4/6/2020 10:00,13.8,
4/6/2020 10:00,11.5,
4/6/2020 10:00,11.6,
4/6/2020 10:00,8.9,0
4/6/2020 11:00,13.5,
4/6/2020 11:00,14.5,0.5
4/6/2020 11:00,8.9,0
4/6/2020 11:00,13.8,0
4/6/2020 11:00,11.7,0
4/6/2020 11:00,10.7,
4/6/2020 11:00,8.7,1
4/6/2020 11:00,7.4,
4/6/2020 11:00,12.5,1
4/6/2020 11:00,12.2,0
4/6/2020 11:00,11.5,
4/6/2020 11:00,11.6,1
4/6/2020 11:00,10.6,0.333333333
4/6/2020 11:00,9,0
4/6/2020 11:00,9.1,1
4/6/2020 11:00,13.4,0.8
4/6/2020 11:00,11.4,
4/6/2020 12:00,11.7,1
4/6/2020 12:00,10.7,
4/6/2020 12:00,10.6,
4/6/2020 12:00,14.5,
4/6/2020 12:00,9.1,
4/6/2020 12:00,8.7,0
4/6/2020 12:00,12.2,0.75
4/6/2020 12:00,11.6,
4/6/2020 12:00,12.5,
4/6/2020 12:00,8.9,0
4/6/2020 12:00,13.4,1
4/6/2020 12:00,11.5,
4/6/2020 12:00,7.4,0
4/6/2020 12:00,13.8,0
4/6/2020 12:00,5.7,
4/6/2020 12:00,13.5,
4/6/2020 13:00,8.7,
4/6/2020 13:00,10.7,
4/6/2020 13:00,12.2,1
4/6/2020 13:00,11.4,
4/6/2020 13:00,10.6,0.6
4/6/2020 13:00,11.7,
4/6/2020 13:00,13.8,0
4/6/2020 13:00,14.5,
4/6/2020 13:00,13.5,
4/6/2020 13:00,7.4,1
4/6/2020 13:00,9.1,
4/6/2020 13:00,9,
4/6/2020 13:00,11.5,
4/6/2020 13:00,8.9,
4/6/2020 13:00,13.4,0.5
4/6/2020 13:00,12.5,
4/6/2020 13:00,9.5,
4/6/2020 13:00,11.6,
4/6/2020 14:00,13.8,0.365873016
4/6/2020 14:00,5.7,1.785714269
4/6/2020 14:00,9.1,0
4/6/2020 14:00,14.5,0.5
4/6/2020 14:00,10.6,0.35
4/6/2020 14:00,11.5,
4/6/2020 14:00,13.4,0.178571429
4/6/2020 14:00,10.7,0.4
4/6/2020 14:00,11.7,0.083333336
4/6/2020 14:00,11.4,2
4/6/2020 14:00,7.4,0.921995487
4/6/2020 14:00,12.5,0.466666669
4/6/2020 14:00,9.5,1
4/6/2020 14:00,8.9,0.5
4/6/2020 14:00,11.6,0.333333333
4/6/2020 14:00,9,0
4/6/2020 14:00,12.2,0.527777781
4/6/2020 14:00,8.7,0.777777781
4/6/2020 14:00,13.5,0.5
4/6/2020 15:00,10.7,0.541666668
4/6/2020 15:00,13.5,0.2
4/6/2020 15:00,11.4,0
4/6/2020 15:00,12.2,0.314814816
4/6/2020 15:00,8.9,0.261904763
4/6/2020 15:00,7.4,0.872420641
4/6/2020 15:00,14.5,0
4/6/2020 15:00,12.5,0.388888891
4/6/2020 15:00,13.8,0.125
4/6/2020 15:00,11.6,0.25
4/6/2020 15:00,11.5,0.5
4/6/2020 15:00,10.6,0.296296299
4/6/2020 15:00,11.7,0.500000004
4/6/2020 15:00,5.7,1.92592593
4/6/2020 15:00,8.7,0.857142857
4/6/2020 15:00,9.1,0
4/6/2020 15:00,13.4,0.154545455
4/6/2020 15:00,9,0.5
4/6/2020 16:00,11.4,0.261904764
4/6/2020 16:00,11.6,0.187500002
4/6/2020 16:00,13.5,0.310515877
4/6/2020 16:00,7.4,0.755247173
4/6/2020 16:00,13.8,0.192236529
4/6/2020 16:00,13.4,0.247955216
4/6/2020 16:00,14.5,0.181818182
4/6/2020 16:00,10.7,0.304166672
4/6/2020 16:00,9,0.195833334
4/6/2020 16:00,12.5,0.242784997
4/6/2020 16:00,11.5,0.083333333
4/6/2020 16:00,8.9,0.180158733
4/6/2020 16:00,12.2,0.254940897
4/6/2020 16:00,10.6,0.194396118
4/6/2020 16:00,8.7,0.666666667
4/6/2020 16:00,11.7,0.217195771
4/6/2020 16:00,5.7,2
4/6/2020 16:00,9.1,0.199285717
4/6/2020 16:00,9.5,
4/6/2020 17:00,12.5,0.105952384
4/6/2020 17:00,11.5,0.333333333
4/6/2020 17:00,13.5,0.454545455
4/6/2020 17:00,8.7,0.6
4/6/2020 17:00,13.4,0.178661621
4/6/2020 17:00,8.9,0.157575759
4/6/2020 17:00,9.1,0.150000003
4/6/2020 17:00,10.6,0.14464286
4/6/2020 17:00,9,0.333333335
4/6/2020 17:00,13.8,0.179563496
4/6/2020 17:00,12.2,0.108333334
4/6/2020 17:00,11.7,0.144949496
4/6/2020 17:00,11.6,0.170000003
4/6/2020 17:00,11.4,0.074074076
4/6/2020 17:00,7.4,0.723836591
4/6/2020 17:00,5.7,1.75
4/6/2020 17:00,14.5,0.7
4/6/2020 17:00,10.7,0.259307363
4/6/2020 18:00,12.5,0.233333334
4/6/2020 18:00,12.2,0.333333337
4/6/2020 18:00,7.4,0.560606062
4/6/2020 18:00,5.7,1
4/6/2020 18:00,10.6,0.291666669
4/6/2020 18:00,11.5,0.333333333
4/6/2020 18:00,11.4,0.416666667
4/6/2020 18:00,14.5,0
4/6/2020 18:00,13.5,0.5
4/6/2020 18:00,8.9,0.3125
4/6/2020 18:00,13.8,0.19857143
4/6/2020 18:00,11.6,0.25
4/6/2020 18:00,10.7,0.142857143
4/6/2020 18:00,9.1,0.190476192
4/6/2020 18:00,9,0
4/6/2020 18:00,8.7,0.75
4/6/2020 18:00,13.4,0.143939395
4/6/2020 18:00,11.7,0.296296299
4/6/2020 19:00,11.7,0.277777781
4/6/2020 19:00,14.5,0
4/6/2020 19:00,12.2,0.416666667
4/6/2020 19:00,13.8,0.571428571
4/6/2020 19:00,13.4,0.25
4/6/2020 19:00,11.4,0
4/6/2020 19:00,11.6,0.375
4/6/2020 19:00,7.4,0.833333339
4/6/2020 19:00,8.9,0.166666667
4/6/2020 19:00,9.1,0.416666667
4/6/2020 19:00,8.7,0.5
4/6/2020 19:00,10.6,0.291666668
4/6/2020 19:00,11.5,
4/6/2020 19:00,12.5,0.2
4/6/2020 19:00,5.7,
4/6/2020 19:00,13.5,0.083333336
4/6/2020 19:00,9,0.25
4/6/2020 19:00,10.7,0.142857143
4/6/2020 20:00,13.8,0.125
4/6/2020 20:00,8.9,0.25
4/6/2020 20:00,11.4,0
4/6/2020 20:00,11.7,0.333333343
4/6/2020 20:00,5.7,
4/6/2020 20:00,10.7,0.5625
4/6/2020 20:00,13.5,0.833333333
4/6/2020 20:00,12.5,0.5
4/6/2020 20:00,9,0
4/6/2020 20:00,11.5,0
4/6/2020 20:00,14.5,1
4/6/2020 20:00,8.7,0.5
4/6/2020 20:00,11.6,0.333333333
4/6/2020 20:00,13.4,0.5
4/6/2020 20:00,7.4,0.5
4/6/2020 20:00,12.2,0.333333333
4/6/2020 20:00,9.1,0
4/6/2020 20:00,10.6,0.083333333
4/6/2020 21:00,9.1,0
4/6/2020 21:00,5.7,
4/6/2020 21:00,13.5,0
4/6/2020 21:00,9,0
4/6/2020 21:00,7.4,1.333333333
4/6/2020 21:00,10.7,1
4/6/2020 21:00,14.5,0
4/6/2020 21:00,13.8,0.5
4/6/2020 21:00,11.6,
4/6/2020 21:00,11.7,0.5
4/6/2020 21:00,8.7,
4/6/2020 21:00,13.4,0.5
4/6/2020 21:00,11.5,
4/6/2020 21:00,8.9,0.5
4/6/2020 21:00,12.5,
4/6/2020 21:00,12.2,0
4/6/2020 21:00,10.6,0.166666667
4/6/2020 21:00,11.4,
4/6/2020 22:00,11.6,0
4/6/2020 22:00,7.4,
4/6/2020 22:00,13.5,0.25
4/6/2020 22:00,10.6,0
4/6/2020 22:00,11.7,0.333333333
4/6/2020 22:00,14.5,1
4/6/2020 22:00,11.5,
4/6/2020 22:00,11.4,
4/6/2020 22:00,8.7,
4/6/2020 22:00,10.7,
4/6/2020 22:00,12.5,0.75
4/6/2020 22:00,13.8,1
4/6/2020 22:00,9.1,0.666666667
4/6/2020 22:00,12.2,0
4/6/2020 22:00,9,
4/6/2020 22:00,8.9,0.5
4/6/2020 22:00,13.4,0.25
4/6/2020 23:00,11.7,
4/6/2020 23:00,9.1,0
4/6/2020 23:00,8.9,0.5
4/6/2020 23:00,10.6,1
4/6/2020 23:00,10.7,0
4/6/2020 23:00,7.4,0
4/6/2020 23:00,9,1.5
4/6/2020 23:00,5.7,0
4/6/2020 23:00,12.5,
4/6/2020 23:00,13.5,
4/6/2020 23:00,11.5,
4/6/2020 23:00,11.6,
4/6/2020 23:00,14.5,
4/6/2020 23:00,12.2,
4/6/2020 23:00,13.8,0.444444448
4/6/2020 23:00,11.4,1
4/6/2020 23:00,13.4,0
4/7/2020 0:00,9,
4/7/2020 0:00,8.9,0.333333333
4/7/2020 0:00,8.7,1
4/7/2020 0:00,9.1,0.5
4/7/2020 0:00,5.7,0.5
4/7/2020 0:00,11.4,
4/7/2020 0:00,11.7,1
4/7/2020 0:00,13.4,0.5
4/7/2020 0:00,12.2,0
4/7/2020 0:00,13.5,0.5
4/7/2020 0:00,11.5,1
4/7/2020 0:00,13.8,0
4/7/2020 0:00,7.4,0.5
4/7/2020 0:00,11.6,
4/7/2020 0:00,10.6,0
4/7/2020 0:00,14.5,0
4/7/2020 0:00,12.5,1
4/7/2020 0:00,10.7,0.5
4/7/2020 1:00,13.8,
4/7/2020 1:00,12.5,0
4/7/2020 1:00,10.7,
4/7/2020 1:00,9,
4/7/2020 1:00,10.6,0.666666667
4/7/2020 1:00,12.2,0.25
4/7/2020 1:00,11.5,
4/7/2020 1:00,7.4,0.5
4/7/2020 1:00,11.6,
4/7/2020 1:00,9.1,
4/7/2020 1:00,14.5,
4/7/2020 1:00,13.4,1
4/7/2020 1:00,8.9,
4/7/2020 1:00,11.4,
4/7/2020 1:00,5.7,
4/7/2020 1:00,13.5,0
4/7/2020 1:00,8.7,
4/7/2020 1:00,11.7,1
4/7/2020 2:00,13.5,
4/7/2020 2:00,14.5,
4/7/2020 2:00,11.5,
4/7/2020 2:00,13.4,0
4/7/2020 2:00,12.2,0
4/7/2020 2:00,7.4,1
4/7/2020 2:00,8.9,0
4/7/2020 2:00,12.5,
4/7/2020 2:00,10.6,
4/7/2020 2:00,11.4,
4/7/2020 2:00,5.7,
4/7/2020 2:00,13.8,0
4/7/2020 2:00,11.6,
4/7/2020 2:00,10.7,
4/7/2020 2:00,9,1
4/7/2020 2:00,8.7,
4/7/2020 2:00,11.7,1
4/7/2020 3:00,13.5,0
4/7/2020 3:00,11.7,0
4/7/2020 3:00,13.4,0.5
4/7/2020 3:00,11.4,
4/7/2020 3:00,10.6,0.5
4/7/2020 3:00,10.7,
4/7/2020 3:00,9.1,0
4/7/2020 3:00,8.7,
4/7/2020 3:00,11.5,0.5
4/7/2020 3:00,8.9,0
4/7/2020 3:00,13.8,1
4/7/2020 3:00,5.7,
4/7/2020 3:00,12.5,
4/7/2020 3:00,14.5,1
4/7/2020 3:00,9,
4/7/2020 3:00,11.6,1
4/7/2020 3:00,12.2,0.5
4/7/2020 3:00,7.4,
4/7/2020 4:00,11.4,
4/7/2020 4:00,12.2,1
4/7/2020 4:00,8.7,
4/7/2020 4:00,13.5,
4/7/2020 4:00,10.6,1
4/7/2020 4:00,11.5,1
4/7/2020 4:00,9.1,
4/7/2020 4:00,10.7,
4/7/2020 4:00,7.4,1
4/7/2020 4:00,8.9,
4/7/2020 4:00,13.8,1
4/7/2020 4:00,14.5,
4/7/2020 4:00,11.6,
4/7/2020 4:00,9,
4/7/2020 4:00,13.4,0.25
4/7/2020 4:00,12.5,
4/7/2020 4:00,5.7,
4/7/2020 4:00,11.7,0
4/7/2020 5:00,8.7,
4/7/2020 5:00,13.5,0.5
4/7/2020 5:00,11.6,1
4/7/2020 5:00,11.4,
4/7/2020 5:00,9.1,0.5
4/7/2020 5:00,10.6,1
4/7/2020 5:00,9,
4/7/2020 5:00,11.7,0
4/7/2020 5:00,5.7,0
4/7/2020 5:00,13.8,0
4/7/2020 5:00,12.5,
4/7/2020 5:00,12.2,
4/7/2020 5:00,8.9,
4/7/2020 5:00,7.4,0.333333333
4/7/2020 5:00,10.7,1
4/7/2020 5:00,11.5,
4/7/2020 5:00,13.4,1
4/7/2020 5:00,14.5,0
4/7/2020 6:00,8.7,0
4/7/2020 6:00,13.8,1
4/7/2020 6:00,7.4,1
4/7/2020 6:00,9.1,
4/7/2020 6:00,10.6,1
4/7/2020 6:00,8.9,
4/7/2020 6:00,10.7,
4/7/2020 6:00,12.5,
4/7/2020 6:00,13.5,
4/7/2020 6:00,11.6,
4/7/2020 6:00,11.7,0
4/7/2020 6:00,12.2,
4/7/2020 6:00,14.5,1
4/7/2020 6:00,11.4,0.5
4/7/2020 6:00,9,
4/7/2020 6:00,11.5,1
4/7/2020 6:00,5.7,
4/7/2020 6:00,13.4,
4/7/2020 7:00,10.6,0
4/7/2020 7:00,12.2,1
4/7/2020 7:00,12.5,
4/7/2020 7:00,11.7,
4/7/2020 7:00,13.5,1
4/7/2020 7:00,13.8,
4/7/2020 7:00,8.9,
4/7/2020 7:00,11.6,0
4/7/2020 7:00,11.4,
4/7/2020 7:00,13.4,1
4/7/2020 7:00,8.7,
4/7/2020 7:00,9.1,
4/7/2020 7:00,11.5,
4/7/2020 7:00,5.7,
4/7/2020 7:00,7.4,1
4/7/2020 7:00,14.5,1
4/7/2020 7:00,10.7,1
4/7/2020 8:00,8.9,
4/7/2020 8:00,13.5,0
4/7/2020 8:00,11.5,1
4/7/2020 8:00,14.5,1
4/7/2020 8:00,7.4,1
4/7/2020 8:00,12.2,0.333333333
4/7/2020 8:00,11.4,0
4/7/2020 8:00,11.7,1
4/7/2020 8:00,9.1,0
4/7/2020 8:00,12.5,
4/7/2020 8:00,10.6,1
4/7/2020 8:00,13.4,0.5
4/7/2020 8:00,11.6,
4/7/2020 8:00,10.7,0
4/7/2020 8:00,13.8,1
4/7/2020 8:00,9,
4/7/2020 9:00,9,
4/7/2020 9:00,10.6,0.5
4/7/2020 9:00,8.9,1
4/7/2020 9:00,11.4,
4/7/2020 9:00,9.1,
4/7/2020 9:00,11.7,
4/7/2020 9:00,7.4,0.5
4/7/2020 9:00,11.6,
4/7/2020 9:00,10.7,
4/7/2020 9:00,12.5,1
4/7/2020 9:00,8.7,
4/7/2020 9:00,13.5,1
4/7/2020 9:00,5.7,
4/7/2020 9:00,12.2,0.75
4/7/2020 9:00,13.4,
4/7/2020 9:00,13.8,
4/7/2020 9:00,11.5,0
4/7/2020 9:00,14.5,
4/7/2020 10:00,8.7,
4/7/2020 10:00,10.6,1
4/7/2020 10:00,13.5,
4/7/2020 10:00,8.9,
4/7/2020 10:00,11.6,
4/7/2020 10:00,5.7,0
4/7/2020 10:00,12.2,
4/7/2020 10:00,9,
4/7/2020 10:00,13.8,0.5
4/7/2020 10:00,12.5,0
4/7/2020 10:00,11.7,1
4/7/2020 10:00,9.5,
4/7/2020 10:00,10.7,1
4/7/2020 10:00,13.4,0
4/7/2020 10:00,14.5,1
4/7/2020 10:00,9.1,
4/7/2020 10:00,7.4,
4/7/2020 11:00,13.4,0.25
4/7/2020 11:00,9,
4/7/2020 11:00,9.1,0
4/7/2020 11:00,13.8,0
4/7/2020 11:00,11.5,1
4/7/2020 11:00,13.5,
4/7/2020 11:00,5.7,1
4/7/2020 11:00,14.5,
4/7/2020 11:00,10.7,0
4/7/2020 11:00,10.6,0
4/7/2020 11:00,12.5,
4/7/2020 11:00,8.7,
4/7/2020 11:00,12.2,0.666666667
4/7/2020 11:00,7.4,0.666666667
4/7/2020 11:00,8.9,
4/7/2020 11:00,11.6,1
4/7/2020 11:00,11.7,0.333333333
4/7/2020 11:00,11.4,0
4/7/2020 12:00,11.7,0
4/7/2020 12:00,11.5,
4/7/2020 12:00,13.4,0.5
4/7/2020 12:00,10.6,
4/7/2020 12:00,12.2,1
4/7/2020 12:00,9.1,1
4/7/2020 12:00,14.5,1
4/7/2020 12:00,8.9,0
4/7/2020 12:00,9,0
4/7/2020 12:00,11.6,
4/7/2020 12:00,12.5,
4/7/2020 12:00,11.4,0.5
4/7/2020 12:00,13.5,
4/7/2020 12:00,13.8,1
4/7/2020 12:00,7.4,0
4/7/2020 12:00,10.7,
4/7/2020 12:00,8.7,
4/7/2020 12:00,5.7,
4/7/2020 13:00,9,1
4/7/2020 13:00,11.7,1
4/7/2020 13:00,8.9,
4/7/2020 13:00,12.5,
4/7/2020 13:00,11.5,
4/7/2020 13:00,8.7,
4/7/2020 13:00,10.7,0.5
4/7/2020 13:00,14.5,0
4/7/2020 13:00,13.4,
4/7/2020 13:00,7.4,0.333333333
4/7/2020 13:00,10.6,0.333333333
4/7/2020 13:00,9.1,
4/7/2020 13:00,12.2,0.8
4/7/2020 13:00,11.4,
4/7/2020 13:00,13.5,1
4/7/2020 13:00,11.6,
4/7/2020 13:00,5.7,
4/7/2020 13:00,13.8,0
4/7/2020 14:00,12.2,1
4/7/2020 14:00,5.7,
4/7/2020 14:00,7.4,0.5
4/7/2020 14:00,10.7,
4/7/2020 14:00,11.6,
4/7/2020 14:00,11.4,
4/7/2020 14:00,9.1,
4/7/2020 14:00,13.4,0.5
4/7/2020 14:00,8.7,
4/7/2020 14:00,12.5,1
4/7/2020 14:00,11.7,1
4/7/2020 14:00,9,
4/7/2020 14:00,11.5,
4/7/2020 14:00,8.9,
4/7/2020 14:00,14.5,
4/7/2020 14:00,13.8,
4/7/2020 14:00,13.5,
4/7/2020 14:00,10.6,1
4/7/2020 15:00,10.7,
4/7/2020 15:00,13.5,1
4/7/2020 15:00,9.1,1
4/7/2020 15:00,5.7,
4/7/2020 15:00,14.5,
4/7/2020 15:00,9,0
4/7/2020 15:00,7.4,1
4/7/2020 15:00,13.8,
4/7/2020 15:00,12.2,0.5
4/7/2020 15:00,8.7,
4/7/2020 15:00,11.7,
4/7/2020 15:00,11.4,1
4/7/2020 15:00,11.6,
4/7/2020 15:00,8.9,
4/7/2020 15:00,10.6,1
4/7/2020 15:00,11.5,
4/7/2020 15:00,13.4,0.5
4/7/2020 16:00,10.6,1
4/7/2020 16:00,10.7,1
4/7/2020 16:00,8.7,0
4/7/2020 16:00,7.4,
4/7/2020 16:00,13.5,
4/7/2020 16:00,11.6,
4/7/2020 16:00,9.1,1
4/7/2020 16:00,12.5,
4/7/2020 16:00,11.4,0
4/7/2020 16:00,8.9,1
4/7/2020 16:00,11.5,
4/7/2020 16:00,13.4,1
4/7/2020 16:00,14.5,0
4/7/2020 16:00,12.2,0
4/7/2020 16:00,9,
4/7/2020 16:00,11.7,0
4/7/2020 16:00,13.8,0.125
4/7/2020 16:00,5.7,
4/7/2020 17:00,11.4,
4/7/2020 17:00,13.4,0
4/7/2020 17:00,14.5,1
4/7/2020 17:00,8.9,
4/7/2020 17:00,12.5,1
4/7/2020 17:00,11.7,1
4/7/2020 17:00,5.7,
4/7/2020 17:00,13.8,0
4/7/2020 17:00,13.5,0
4/7/2020 17:00,8.7,
4/7/2020 17:00,11.6,0
4/7/2020 17:00,7.4,1
4/7/2020 17:00,12.2,1
4/7/2020 17:00,9,0.5
4/7/2020 17:00,9.1,0
4/7/2020 17:00,10.6,
4/7/2020 17:00,11.5,
4/7/2020 18:00,12.2,
4/7/2020 18:00,9,
4/7/2020 18:00,14.5,0
4/7/2020 18:00,13.4,1
4/7/2020 18:00,13.5,
4/7/2020 18:00,10.6,1
4/7/2020 18:00,11.5,1
4/7/2020 18:00,13.8,0
4/7/2020 18:00,12.5,1
4/7/2020 18:00,8.9,
4/7/2020 18:00,11.7,0.5
4/7/2020 18:00,5.7,
4/7/2020 18:00,11.6,1
4/7/2020 18:00,9.1,1
4/7/2020 18:00,7.4,0.333333333
4/7/2020 18:00,10.7,1
4/7/2020 19:00,8.7,
4/7/2020 19:00,8.9,0.666666667
4/7/2020 19:00,9,
4/7/2020 19:00,9.1,0
4/7/2020 19:00,13.5,
4/7/2020 19:00,5.7,1
4/7/2020 19:00,12.2,1
4/7/2020 19:00,11.6,
4/7/2020 19:00,7.4,
4/7/2020 19:00,10.6,0.666666667
4/7/2020 19:00,11.5,
4/7/2020 19:00,10.7,0
4/7/2020 19:00,14.5,
4/7/2020 19:00,13.4,0.666666667
4/7/2020 19:00,11.7,1
4/7/2020 19:00,11.4,
4/7/2020 19:00,13.8,0
4/7/2020 20:00,13.4,0.5
4/7/2020 20:00,10.7,0
4/7/2020 20:00,9.1,
4/7/2020 20:00,13.8,0.333333343
4/7/2020 20:00,11.5,
4/7/2020 20:00,8.7,
4/7/2020 20:00,7.4,
4/7/2020 20:00,9,
4/7/2020 20:00,14.5,0
4/7/2020 20:00,11.4,0
4/7/2020 20:00,12.5,1
4/7/2020 20:00,5.7,0
4/7/2020 20:00,13.5,0
4/7/2020 20:00,8.9,
4/7/2020 20:00,10.6,
4/7/2020 20:00,11.7,0.5
4/7/2020 20:00,11.6,
4/7/2020 20:00,12.2,0
4/7/2020 21:00,13.8,1
4/7/2020 21:00,5.7,
4/7/2020 21:00,13.4,0.333333333
4/7/2020 21:00,8.9,0.5
4/7/2020 21:00,14.5,
4/7/2020 21:00,11.7,0.5
4/7/2020 21:00,8.7,
4/7/2020 21:00,11.4,1
4/7/2020 21:00,11.5,
4/7/2020 21:00,12.5,
4/7/2020 21:00,10.7,
4/7/2020 21:00,7.4,0.5
4/7/2020 21:00,12.2,
4/7/2020 21:00,13.5,
4/7/2020 21:00,9,
4/7/2020 21:00,10.6,0.25
4/7/2020 21:00,11.6,1
4/7/2020 21:00,9.1,1
4/7/2020 22:00,14.5,
4/7/2020 22:00,10.7,1
4/7/2020 22:00,8.9,1
4/7/2020 22:00,9.1,
4/7/2020 22:00,12.2,
4/7/2020 22:00,11.5,
4/7/2020 22:00,13.8,
4/7/2020 22:00,5.7,0
4/7/2020 22:00,12.5,0.5
4/7/2020 22:00,11.7,0.5
4/7/2020 22:00,7.4,0.5
4/7/2020 22:00,13.5,
4/7/2020 22:00,8.7,
4/7/2020 22:00,11.6,
4/7/2020 22:00,10.6,0
4/7/2020 22:00,11.4,
4/7/2020 22:00,9,
4/7/2020 22:00,13.4,0.5
4/7/2020 23:00,8.9,1
4/7/2020 23:00,12.2,0.833333333
4/7/2020 23:00,7.4,1
4/7/2020 23:00,13.4,1
4/7/2020 23:00,14.5,1
4/7/2020 23:00,5.7,
4/7/2020 23:00,9,
4/7/2020 23:00,10.7,
4/7/2020 23:00,13.5,0.333333333
4/7/2020 23:00,11.4,
4/7/2020 23:00,12.5,1
4/7/2020 23:00,8.7,
4/7/2020 23:00,10.6,0
4/7/2020 23:00,13.8,0
4/7/2020 23:00,11.7,
4/7/2020 23:00,11.6,
4/7/2020 23:00,11.5,
4/8/2020 0:00,13.8,0.4
4/8/2020 0:00,11.6,
4/8/2020 0:00,13.4,0
4/8/2020 0:00,11.4,
4/8/2020 0:00,5.7,
4/8/2020 0:00,12.2,0.333333333
4/8/2020 0:00,8.7,1
4/8/2020 0:00,12.5,0
4/8/2020 0:00,10.6,1
4/8/2020 0:00,11.7,1
4/8/2020 0:00,7.4,1
4/8/2020 0:00,9,0
4/8/2020 0:00,9.1,0
4/8/2020 0:00,13.5,0
4/8/2020 0:00,14.5,
4/8/2020 0:00,10.7,0
4/8/2020 0:00,8.9,
4/8/2020 1:00,13.8,1
4/8/2020 1:00,10.7,1
4/8/2020 1:00,8.7,1
4/8/2020 1:00,9.1,1
4/8/2020 1:00,13.5,1
4/8/2020 1:00,11.6,
4/8/2020 1:00,5.7,0
4/8/2020 1:00,11.7,0
4/8/2020 1:00,8.9,0
4/8/2020 1:00,7.4,
4/8/2020 1:00,9,0.5
4/8/2020 1:00,11.5,1
4/8/2020 1:00,14.5,0
4/8/2020 1:00,11.4,0.333333333
4/8/2020 1:00,12.2,
4/8/2020 1:00,13.4,0
4/8/2020 1:00,10.6,0.333333333
4/8/2020 1:00,12.5,
4/8/2020 2:00,11.4,
4/8/2020 2:00,5.7,
4/8/2020 2:00,9,
4/8/2020 2:00,7.4,
4/8/2020 2:00,11.6,1
4/8/2020 2:00,14.5,
4/8/2020 2:00,11.5,
4/8/2020 2:00,12.5,0
4/8/2020 2:00,13.8,0
4/8/2020 2:00,10.7,0.5
4/8/2020 2:00,8.7,
4/8/2020 2:00,9.1,
4/8/2020 2:00,13.5,
4/8/2020 2:00,13.4,0.5
4/8/2020 2:00,10.6,
4/8/2020 2:00,11.7,0
4/8/2020 2:00,8.9,0.5
4/8/2020 2:00,12.2,1
4/8/2020 3:00,8.7,0
4/8/2020 3:00,10.7,0.5
4/8/2020 3:00,9,0
4/8/2020 3:00,11.6,
4/8/2020 3:00,12.5,1
4/8/2020 3:00,9.1,0
4/8/2020 3:00,11.7,
4/8/2020 3:00,13.5,
4/8/2020 3:00,7.4,0
4/8/2020 3:00,14.5,
4/8/2020 3:00,8.9,0.666666667
4/8/2020 3:00,5.7,0
4/8/2020 3:00,11.5,
4/8/2020 3:00,11.4,
4/8/2020 3:00,13.4,
4/8/2020 3:00,12.2,1
4/8/2020 3:00,13.8,1
4/8/2020 3:00,10.6,1
4/8/2020 4:00,11.6,
4/8/2020 4:00,11.7,1
4/8/2020 4:00,9,
4/8/2020 4:00,13.8,0.333333343
4/8/2020 4:00,7.4,0
4/8/2020 4:00,5.7,0
4/8/2020 4:00,8.7,0
4/8/2020 4:00,14.5,0
4/8/2020 4:00,11.4,
4/8/2020 4:00,11.5,
4/8/2020 4:00,10.7,
4/8/2020 4:00,12.2,
4/8/2020 4:00,10.6,
4/8/2020 4:00,9.1,
4/8/2020 4:00,13.4,1
4/8/2020 4:00,8.9,
4/8/2020 4:00,12.5,
4/8/2020 4:00,13.5,0
4/8/2020 5:00,11.5,
4/8/2020 5:00,12.2,0
4/8/2020 5:00,13.8,0.5
4/8/2020 5:00,12.5,0
4/8/2020 5:00,7.4,
4/8/2020 5:00,10.6,0.333333333
4/8/2020 5:00,10.7,1
4/8/2020 5:00,13.4,0.5
4/8/2020 5:00,11.4,0
4/8/2020 5:00,8.7,1
4/8/2020 5:00,9,
4/8/2020 5:00,11.7,0
4/8/2020 5:00,9.1,0
4/8/2020 5:00,8.9,
4/8/2020 5:00,14.5,
4/8/2020 5:00,11.6,
4/8/2020 5:00,5.7,
4/8/2020 5:00,13.5,0
4/8/2020 6:00,14.5,0.5
4/8/2020 6:00,7.4,1
4/8/2020 6:00,9.1,
4/8/2020 6:00,10.6,0.5
4/8/2020 6:00,11.5,1
4/8/2020 6:00,13.8,
4/8/2020 6:00,13.4,0.5
4/8/2020 6:00,12.5,
4/8/2020 6:00,11.4,
4/8/2020 6:00,11.7,0.5
4/8/2020 6:00,8.9,0.5
4/8/2020 6:00,9,
4/8/2020 6:00,5.7,0
4/8/2020 6:00,8.7,
4/8/2020 6:00,11.6,0
4/8/2020 6:00,12.2,0.5
4/8/2020 6:00,13.5,0
4/8/2020 6:00,10.7,1
4/8/2020 7:00,14.5,
4/8/2020 7:00,13.4,1
4/8/2020 7:00,8.7,0
4/8/2020 7:00,11.6,1
4/8/2020 7:00,5.7,0
4/8/2020 7:00,11.7,0
4/8/2020 7:00,12.2,
4/8/2020 7:00,7.4,
4/8/2020 7:00,13.5,
4/8/2020 7:00,9.1,1
4/8/2020 7:00,11.4,1
4/8/2020 7:00,10.7,
4/8/2020 7:00,8.9,
4/8/2020 7:00,9,
4/8/2020 7:00,13.8,0.5
4/8/2020 7:00,10.6,0
4/8/2020 7:00,12.5,
4/8/2020 7:00,11.5,
4/8/2020 8:00,14.5,0.798280438
4/8/2020 8:00,5.7,6.199377918
4/8/2020 8:00,11.4,3.039810658
4/8/2020 8:00,10.7,2.900789499
4/8/2020 8:00,11.7,1.934718629
4/8/2020 8:00,9.1,3.982180929
4/8/2020 8:00,12.2,2.005684614
4/8/2020 8:00,11.6,1.972887683
4/8/2020 8:00,13.5,0.81328544
4/8/2020 8:00,7.4,5.173847516
4/8/2020 8:00,10.6,3.044749403
4/8/2020 8:00,12.5,1.918367386
4/8/2020 8:00,9.5,5.083333302
4/8/2020 8:00,13.8,0.993031919
4/8/2020 8:00,11.5,2.012282896
4/8/2020 8:00,8.7,5.027272701
4/8/2020 8:00,13.4,1.673115611
4/8/2020 8:00,9,3.786904693
4/8/2020 8:00,8.9,3.498538772
4/8/2020 9:00,11.4,3.027430455
4/8/2020 9:00,11.5,2.025536607
4/8/2020 9:00,13.4,1.984221915
4/8/2020 9:00,5.7,4.714622577
4/8/2020 9:00,9.1,3.975816627
4/8/2020 9:00,9,3.902645489
4/8/2020 9:00,8.9,4.039114356
4/8/2020 9:00,12.2,1.938048432
4/8/2020 9:00,13.5,0.921301867
4/8/2020 9:00,7.4,5.837441206
4/8/2020 9:00,10.7,2.971365094
4/8/2020 9:00,9.5,5.038232605
4/8/2020 9:00,10.6,3.015196462
4/8/2020 9:00,14.5,0.993552888
4/8/2020 9:00,11.7,2.027202239
4/8/2020 9:00,8.7,5.010953307
4/8/2020 9:00,11.6,1.946214586
4/8/2020 9:00,13.8,1.003593514
4/8/2020 10:00,13.5,0.789641348
4/8/2020 10:00,9.5,4.854166667
4/8/2020 10:00,5.7,4.447087606
4/8/2020 10:00,10.6,2.5885366
4/8/2020 10:00,10.7,2.322436606
4/8/2020 10:00,12.2,1.430812796
4/8/2020 10:00,11.6,1.5791306
4/8/2020 10:00,8.7,4.643067797
4/8/2020 10:00,13.4,1.86782378
4/8/2020 10:00,9.1,3.712241371
4/8/2020 10:00,14.5,0.803453036
4/8/2020 10:00,9,3.021494716
4/8/2020 10:00,11.7,1.697601606
4/8/2020 10:00,8.9,3.513637304
4/8/2020 10:00,13.8,0.853573208
4/8/2020 10:00,11.5,1.83649829
4/8/2020 11:00,13.4,1.727625728
4/8/2020 11:00,13.8,0.764425526
4/8/2020 11:00,5.7,4.277732333
4/8/2020 11:00,8.9,3.148892979
4/8/2020 11:00,13.5,0.641129141
4/8/2020 11:00,11.5,1.586755017
4/8/2020 11:00,8.7,4.437331597
4/8/2020 11:00,14.5,0.717989425
4/8/2020 11:00,11.6,1.048611117
4/8/2020 11:00,11.7,1.500908226
4/8/2020 11:00,9.1,3.492438952
4/8/2020 11:00,9,2.770833325
4/8/2020 11:00,10.7,1.932590793
4/8/2020 11:00,9.5,4.370370362
4/8/2020 11:00,12.2,1.134875433
4/8/2020 11:00,10.6,2.065995544
4/8/2020 11:00,11.4,2.605820696
4/8/2020 12:00,11.5,1.675210426
4/8/2020 12:00,5.7,4.107110262
4/8/2020 12:00,11.6,1.027777781
4/8/2020 12:00,11.4,2.220204145
4/8/2020 12:00,11.7,1.488315026
4/8/2020 12:00,9.5,4
4/8/2020 12:00,9.1,3.324990749
4/8/2020 12:00,14.5,0.630303036
4/8/2020 12:00,8.7,4.551675677
4/8/2020 12:00,10.7,1.858333349
4/8/2020 12:00,10.6,1.710091884
4/8/2020 12:00,13.5,0.695451779
4/8/2020 12:00,8.9,3.020133694
4/8/2020 12:00,9,3.07407407
4/8/2020 12:00,13.8,1.651785731
4/8/2020 12:00,12.2,1.042752857
4/8/2020 12:00,13.4,1.885556022
4/8/2020 13:00,5.7,4.245043397
4/8/2020 13:00,12.2,0.809722225
4/8/2020 13:00,9.1,3.301002204
4/8/2020 13:00,11.7,1.43956853
4/8/2020 13:00,8.9,2.805059542
4/8/2020 13:00,13.5,0.465151516
4/8/2020 13:00,10.6,1.530357132
4/8/2020 13:00,11.5,1.452462127
4/8/2020 13:00,11.6,0.583333336
4/8/2020 13:00,10.7,1.775
4/8/2020 13:00,11.4,2.395743153
4/8/2020 13:00,14.5,0.475000003
4/8/2020 13:00,8.7,4.677967687
4/8/2020 13:00,9.5,2.5
4/8/2020 13:00,9,2.2
4/8/2020 14:00,13.5,0.285714286
4/8/2020 14:00,9,2.333333333
4/8/2020 14:00,11.7,1.345634907
4/8/2020 14:00,14.5,0.619047625
4/8/2020 14:00,9.1,2.754365047
4/8/2020 14:00,12.2,1.090909096
4/8/2020 14:00,8.7,4.821785609
4/8/2020 14:00,10.7,2
4/8/2020 14:00,11.4,2.881481469
4/8/2020 14:00,10.6,1.766666681
4/8/2020 14:00,11.5,1.574074056
4/8/2020 14:00,11.6,0.4
4/8/2020 14:00,8.9,2.023611108
4/8/2020 14:00,5.7,4.256944478
4/8/2020 15:00,12.2,1.595238107
4/8/2020 15:00,11.4,1.666666667
4/8/2020 15:00,11.6,1.25
4/8/2020 15:00,11.7,1.214285711
4/8/2020 15:00,14.5,0.666666667
4/8/2020 15:00,5.7,4.429629591
4/8/2020 15:00,10.6,0.944444438
4/8/2020 15:00,13.5,0.25
4/8/2020 15:00,9,2.5
4/8/2020 15:00,11.5,1.928571429
4/8/2020 15:00,9.5,4
4/8/2020 15:00,9.1,3.305555556
4/8/2020 15:00,10.7,2
4/8/2020 15:00,8.7,4.748800496
4/8/2020 15:00,8.9,2.962962945
4/8/2020 16:00,9,4.5
4/8/2020 16:00,11.5,0.75
4/8/2020 16:00,11.7,1.666666659
4/8/2020 16:00,11.6,1.222222229
4/8/2020 16:00,9.1,3.291666657
4/8/2020 16:00,8.7,4.679365118
4/8/2020 16:00,14.5,0.166666667
4/8/2020 16:00,9.5,5
4/8/2020 16:00,8.9,2.083333343
4/8/2020 16:00,12.2,0.805555557
4/8/2020 16:00,10.6,0.916666667
4/8/2020 16:00,13.5,0
4/8/2020 16:00,5.7,3.072222233
4/8/2020 16:00,11.4,2.5
4/8/2020 16:00,10.7,1.5
4/8/2020 17:00,9.5,0
4/8/2020 17:00,11.5,1.666666667
4/8/2020 17:00,9,1
4/8/2020 17:00,9.1,3.083333343
4/8/2020 17:00,13.5,0
4/8/2020 17:00,11.4,1.5
4/8/2020 17:00,8.9,3.5
4/8/2020 17:00,8.7,4.893939408
4/8/2020 17:00,14.5,0.5
4/8/2020 17:00,5.7,5.7
4/8/2020 17:00,11.6,0.5
4/8/2020 17:00,10.6,0.8
4/8/2020 17:00,10.7,0.5
4/8/2020 17:00,11.7,1.214285714
4/8/2020 17:00,12.2,0.5
4/8/2020 18:00,11.5,1.333333333
4/8/2020 18:00,9.1,2
4/8/2020 18:00,10.7,
4/8/2020 18:00,8.9,2
4/8/2020 18:00,9,0
4/8/2020 18:00,11.7,0.714285714
4/8/2020 18:00,10.6,0
4/8/2020 18:00,11.4,2.5
4/8/2020 18:00,5.7,3.75
4/8/2020 18:00,13.5,
4/8/2020 18:00,12.2,0
4/8/2020 18:00,14.5,
4/8/2020 18:00,8.7,4.809523787
4/8/2020 18:00,11.6,0
4/8/2020 19:00,11.7,1.5
4/8/2020 19:00,9,
4/8/2020 19:00,13.5,0.666666667
4/8/2020 19:00,8.9,1
4/8/2020 19:00,12.2,0.5
4/8/2020 19:00,11.4,0.666666667
4/8/2020 19:00,14.5,
4/8/2020 19:00,8.7,5
4/8/2020 19:00,10.6,0.5
4/8/2020 19:00,9.1,3.5
4/8/2020 19:00,11.6,
4/8/2020 19:00,10.7,3
4/8/2020 19:00,5.7,2
4/8/2020 20:00,9.1,3
4/8/2020 20:00,10.6,0.5
4/8/2020 20:00,11.6,1
4/8/2020 20:00,12.2,0.5
4/8/2020 20:00,13.5,0
4/8/2020 20:00,14.5,
4/8/2020 20:00,11.4,
4/8/2020 20:00,11.5,
4/8/2020 20:00,10.7,
4/8/2020 20:00,11.7,1
4/8/2020 20:00,8.7,4.933333317
4/8/2020 20:00,9,
4/8/2020 20:00,8.9,0
4/8/2020 21:00,11.7,0
4/8/2020 21:00,14.5,1
4/8/2020 21:00,5.7,
4/8/2020 21:00,8.7,4.75
4/8/2020 21:00,10.6,1
4/8/2020 21:00,9,0.5
4/8/2020 21:00,10.7,2.5
4/8/2020 21:00,9.1,1
4/8/2020 21:00,8.9,
4/8/2020 21:00,12.2,0.2
4/8/2020 21:00,11.4,
4/8/2020 22:00,14.5,
4/8/2020 22:00,11.7,1
4/8/2020 22:00,10.7,
4/8/2020 22:00,9.1,
4/8/2020 22:00,8.7,3
4/8/2020 22:00,8.9,1
4/8/2020 22:00,13.5,
4/8/2020 22:00,5.7,0
4/8/2020 22:00,11.4,
4/8/2020 22:00,12.2,0.375
4/8/2020 22:00,11.6,0
4/8/2020 22:00,10.6,0.25
4/8/2020 23:00,9,
4/8/2020 23:00,11.4,0.5
4/8/2020 23:00,9.1,
4/8/2020 23:00,11.7,
4/8/2020 23:00,13.8,0.881507576
4/8/2020 23:00,13.5,
4/8/2020 23:00,11.6,
4/8/2020 23:00,8.7,5.5
4/8/2020 23:00,11.5,
4/8/2020 23:00,5.7,0
4/8/2020 23:00,10.7,
4/8/2020 23:00,12.2,0.5
4/8/2020 23:00,14.5,
4/8/2020 23:00,10.6,0
4/8/2020 23:00,8.9,
4/9/2020 0:00,11.6,
4/9/2020 0:00,11.7,1
4/9/2020 0:00,8.7,6
4/9/2020 0:00,8.9,1
4/9/2020 0:00,9.1,
4/9/2020 0:00,11.5,1
4/9/2020 0:00,11.4,
4/9/2020 0:00,9,
4/9/2020 0:00,13.5,
4/9/2020 0:00,14.5,0
4/9/2020 0:00,12.2,0.5
4/9/2020 0:00,13.8,
4/9/2020 0:00,10.7,
4/9/2020 0:00,10.6,0.25
4/9/2020 1:00,12.2,0.5
4/9/2020 1:00,8.9,1
4/9/2020 1:00,8.7,1
4/9/2020 1:00,10.7,
4/9/2020 1:00,11.7,1
4/9/2020 1:00,5.7,
4/9/2020 1:00,9.1,
4/9/2020 1:00,14.5,1
4/9/2020 1:00,13.8,0
4/9/2020 1:00,7.4,1.740874608
4/9/2020 1:00,9,0
4/9/2020 1:00,11.6,0
4/9/2020 1:00,13.5,1
4/9/2020 1:00,11.5,0
4/9/2020 1:00,10.6,
4/9/2020 1:00,11.4,1
4/9/2020 2:00,14.5,1
4/9/2020 2:00,13.8,0.5
4/9/2020 2:00,9,1
4/9/2020 2:00,13.5,
4/9/2020 2:00,11.4,
4/9/2020 2:00,8.9,1
4/9/2020 2:00,12.2,0.5
4/9/2020 2:00,7.4,0
4/9/2020 2:00,11.5,0
4/9/2020 2:00,8.7,
4/9/2020 2:00,10.6,1
4/9/2020 2:00,10.7,
4/9/2020 2:00,11.7,0
4/9/2020 2:00,11.6,1
4/9/2020 2:00,9.1,
4/9/2020 3:00,9.1,0
4/9/2020 3:00,8.9,
4/9/2020 3:00,12.2,1
4/9/2020 3:00,11.6,
4/9/2020 3:00,13.8,1
4/9/2020 3:00,7.4,
4/9/2020 3:00,9,
4/9/2020 3:00,14.5,
4/9/2020 3:00,10.7,0.5
4/9/2020 3:00,11.5,0
4/9/2020 3:00,8.7,
4/9/2020 3:00,5.7,
4/9/2020 3:00,10.6,1
4/9/2020 3:00,13.5,
4/9/2020 3:00,11.7,1
4/9/2020 3:00,11.4,
4/9/2020 4:00,13.8,0.5
4/9/2020 4:00,11.6,
4/9/2020 4:00,13.5,
4/9/2020 4:00,12.2,
4/9/2020 4:00,8.9,0.5
4/9/2020 4:00,14.5,1
4/9/2020 4:00,11.4,0
4/9/2020 4:00,8.7,
4/9/2020 4:00,11.7,0
4/9/2020 4:00,10.6,0.5
4/9/2020 4:00,5.7,
4/9/2020 4:00,7.4,0.333333333
4/9/2020 4:00,10.7,
4/9/2020 4:00,11.5,
4/9/2020 4:00,12.5,1.849294782
4/9/2020 4:00,9.1,1
4/9/2020 5:00,12.5,1
4/9/2020 5:00,8.9,
4/9/2020 5:00,10.6,
4/9/2020 5:00,11.4,
4/9/2020 5:00,11.7,
4/9/2020 5:00,9.1,0
4/9/2020 5:00,11.6,0
4/9/2020 5:00,7.4,0
4/9/2020 5:00,11.5,
4/9/2020 5:00,8.7,
4/9/2020 5:00,5.7,
4/9/2020 5:00,12.2,1
4/9/2020 5:00,10.7,
4/9/2020 5:00,13.5,0.5
4/9/2020 5:00,9,
4/9/2020 5:00,14.5,1
4/9/2020 5:00,13.8,0.5
4/9/2020 6:00,10.6,0.666666667
4/9/2020 6:00,5.7,0
4/9/2020 6:00,7.4,0
4/9/2020 6:00,12.2,0.666666667
4/9/2020 6:00,12.5,
4/9/2020 6:00,8.7,
4/9/2020 6:00,8.9,1
4/9/2020 6:00,13.5,
4/9/2020 6:00,11.6,1
4/9/2020 6:00,9.1,0
4/9/2020 6:00,13.8,
4/9/2020 6:00,9,
4/9/2020 6:00,11.7,0
4/9/2020 6:00,11.4,
4/9/2020 6:00,14.5,1
4/9/2020 6:00,10.7,
4/9/2020 6:00,11.5,
4/9/2020 7:00,11.6,
4/9/2020 7:00,9.1,
4/9/2020 7:00,11.5,1
4/9/2020 7:00,14.5,1
4/9/2020 7:00,7.4,
4/9/2020 7:00,8.9,
4/9/2020 7:00,12.2,
4/9/2020 7:00,9,
4/9/2020 7:00,10.7,
4/9/2020 7:00,13.8,1
4/9/2020 7:00,11.7,0
4/9/2020 7:00,8.7,0.5
4/9/2020 7:00,12.5,
4/9/2020 7:00,11.4,0
4/9/2020 7:00,10.6,0.5
4/9/2020 8:00,12.2,0.5
4/9/2020 8:00,7.4,
4/9/2020 8:00,11.6,1
4/9/2020 8:00,10.6,
4/9/2020 8:00,13.5,
4/9/2020 8:00,10.7,1
4/9/2020 8:00,11.5,0
4/9/2020 8:00,12.5,
4/9/2020 8:00,14.5,
4/9/2020 8:00,8.9,
4/9/2020 8:00,11.4,0.5
4/9/2020 8:00,5.7,1
4/9/2020 8:00,9.1,
4/9/2020 8:00,8.7,0
4/9/2020 8:00,13.8,0.5
4/9/2020 8:00,11.7,
4/9/2020 9:00,11.6,
4/9/2020 9:00,11.5,0.5
4/9/2020 9:00,10.6,1
4/9/2020 9:00,10.7,0
4/9/2020 9:00,8.9,1
4/9/2020 9:00,9,1
4/9/2020 9:00,14.5,
4/9/2020 9:00,12.5,1
4/9/2020 9:00,11.4,1
4/9/2020 9:00,9.1,
4/9/2020 9:00,11.7,0
4/9/2020 9:00,5.7,
4/9/2020 9:00,13.8,0
4/9/2020 9:00,8.7,
4/9/2020 9:00,7.4,1
4/9/2020 9:00,12.2,0.666666667
4/9/2020 9:00,13.4,1.47383076
4/9/2020 10:00,8.7,0.5
4/9/2020 10:00,8.9,
4/9/2020 10:00,11.4,1
4/9/2020 10:00,13.4,
4/9/2020 10:00,14.5,1
4/9/2020 10:00,11.5,
4/9/2020 10:00,13.8,1
4/9/2020 10:00,12.5,0
4/9/2020 10:00,7.4,0.5
4/9/2020 10:00,9,
4/9/2020 10:00,12.2,0
4/9/2020 10:00,10.6,0
4/9/2020 10:00,11.7,0
4/9/2020 10:00,5.7,0
4/9/2020 10:00,11.6,1
4/9/2020 10:00,9.1,1
4/9/2020 10:00,13.5,
4/9/2020 10:00,10.7,1
4/9/2020 11:00,12.2,0
4/9/2020 11:00,13.8,0.5
4/9/2020 11:00,11.7,0.5
4/9/2020 11:00,5.7,
4/9/2020 11:00,11.6,1
4/9/2020 11:00,7.4,0
4/9/2020 11:00,9,
4/9/2020 11:00,10.6,0.333333333
4/9/2020 11:00,9.1,
4/9/2020 11:00,14.5,0
4/9/2020 11:00,13.5,0
4/9/2020 11:00,11.5,
4/9/2020 11:00,11.4,
4/9/2020 11:00,13.4,0
4/9/2020 11:00,10.7,
4/9/2020 11:00,8.9,
4/9/2020 11:00,8.7,1
4/9/2020 11:00,12.5,
4/9/2020 12:00,14.5,
4/9/2020 12:00,13.8,0.5
4/9/2020 12:00,7.4,1
4/9/2020 12:00,11.5,0
4/9/2020 12:00,8.9,0.5
4/9/2020 12:00,11.4,0
4/9/2020 12:00,9,
4/9/2020 12:00,10.6,0
4/9/2020 12:00,9.1,
4/9/2020 12:00,11.6,0.5
4/9/2020 12:00,12.2,1
4/9/2020 12:00,13.4,0.666666667
4/9/2020 12:00,10.7,1
4/9/2020 12:00,5.7,0
4/9/2020 12:00,11.7,
4/9/2020 12:00,8.7,
4/9/2020 12:00,12.5,1
4/9/2020 12:00,13.5,
4/9/2020 13:00,13.4,1
4/9/2020 13:00,14.5,0
4/9/2020 13:00,7.4,0
4/9/2020 13:00,10.7,
4/9/2020 13:00,12.5,
4/9/2020 13:00,11.6,
4/9/2020 13:00,13.8,0.666666667
4/9/2020 13:00,5.7,
4/9/2020 13:00,8.7,1
4/9/2020 13:00,11.4,0
4/9/2020 13:00,13.5,
4/9/2020 13:00,8.9,1
4/9/2020 13:00,12.2,1
4/9/2020 13:00,9,1
4/9/2020 13:00,9.1,
4/9/2020 13:00,10.6,1
4/9/2020 13:00,11.7,
4/9/2020 14:00,11.7,
4/9/2020 14:00,12.5,
4/9/2020 14:00,10.6,1
4/9/2020 14:00,5.7,
4/9/2020 14:00,7.4,0.5
4/9/2020 14:00,13.4,0.5
4/9/2020 14:00,11.6,0
4/9/2020 14:00,12.2,0.333333333
4/9/2020 14:00,14.5,
4/9/2020 14:00,10.7,1
4/9/2020 14:00,8.7,
4/9/2020 14:00,9,
4/9/2020 14:00,13.8,0
4/9/2020 14:00,13.5,1
4/9/2020 14:00,9.1,0.5
4/9/2020 14:00,8.9,
4/9/2020 15:00,13.5,0.385261228
4/9/2020 15:00,13.8,0.350892492
4/9/2020 15:00,11.6,0.867906382
4/9/2020 15:00,7.4,4.918478489
4/9/2020 15:00,5.7,5.057890058
4/9/2020 15:00,8.9,2.958624144
4/9/2020 15:00,10.7,1.986435771
4/9/2020 15:00,10.6,2.065925936
4/9/2020 15:00,9,3.010714293
4/9/2020 15:00,12.5,1.137741551
4/9/2020 15:00,13.4,0.236272724
4/9/2020 15:00,9.1,2.974348704
4/9/2020 15:00,12.2,1.000437597
4/9/2020 15:00,11.7,1.010329947
4/9/2020 15:00,11.5,0.968264898
4/9/2020 15:00,9.5,4.25
4/9/2020 15:00,14.5,0.143452384
4/9/2020 15:00,8.7,4.015272399
4/9/2020 15:00,11.4,2.02059263
4/9/2020 16:00,9.1,2.958617429
4/9/2020 16:00,14.5,0.134920637
4/9/2020 16:00,11.4,2.094075392
4/9/2020 16:00,11.7,1.096185009
4/9/2020 16:00,13.8,0.930948784
4/9/2020 16:00,12.2,0.85067832
4/9/2020 16:00,9.5,4.333333333
4/9/2020 16:00,11.6,1.01941138
4/9/2020 16:00,10.7,2.062896828
4/9/2020 16:00,12.5,1.142436276
4/9/2020 16:00,8.7,4.048621813
4/9/2020 16:00,11.5,1.032079726
4/9/2020 16:00,5.7,5.049170653
4/9/2020 16:00,10.6,1.982318282
4/9/2020 16:00,13.4,0.545373489
4/9/2020 16:00,9,3.07575759
4/9/2020 16:00,13.5,0.244444447
4/9/2020 16:00,8.9,2.969951073
4/9/2020 17:00,11.5,1.081818185
4/9/2020 17:00,9,2.733333349
4/9/2020 17:00,10.6,1.958109935
4/9/2020 17:00,8.9,2.92061611
4/9/2020 17:00,11.6,1.091203704
4/9/2020 17:00,9.5,4
4/9/2020 17:00,5.7,5.010988553
4/9/2020 17:00,13.4,0.894293298
4/9/2020 17:00,8.7,4.067612727
4/9/2020 17:00,11.7,1.148346568
4/9/2020 17:00,13.5,0.315277781
4/9/2020 17:00,14.5,0.037037038
4/9/2020 17:00,10.7,2.039393913
4/9/2020 17:00,12.5,0.7638889
4/9/2020 17:00,13.8,0.976416623
4/9/2020 17:00,11.4,2.006313155
4/9/2020 17:00,9.1,2.813128293
4/9/2020 17:00,12.2,0.947525854
4/9/2020 18:00,13.8,0.913178081
4/9/2020 18:00,9.5,4
4/9/2020 18:00,9,2.833333333
4/9/2020 18:00,12.5,1.060606068
4/9/2020 18:00,10.6,1.855224878
4/9/2020 18:00,11.7,0.971212119
4/9/2020 18:00,11.5,0.761904768
4/9/2020 18:00,5.7,5.09629631
4/9/2020 18:00,14.5,0.2
4/9/2020 18:00,10.7,1.90476191
4/9/2020 18:00,11.6,1.004545456
4/9/2020 18:00,9.1,3.037037028
4/9/2020 18:00,11.4,1.803030307
4/9/2020 18:00,13.5,0.285714286
4/9/2020 18:00,8.9,2.987956961
4/9/2020 18:00,12.2,0.943849216
4/9/2020 18:00,8.7,3.815170904
4/9/2020 19:00,11.5,0.75
4/9/2020 19:00,9,2.777777791
4/9/2020 19:00,11.6,1.166666667
4/9/2020 19:00,10.7,1.75
4/9/2020 19:00,12.2,0.791666668
4/9/2020 19:00,13.5,0
4/9/2020 19:00,9.1,2.833333333
4/9/2020 19:00,11.7,1.022222228
4/9/2020 19:00,13.8,0.942770193
4/9/2020 19:00,5.7,4.833333333
4/9/2020 19:00,11.4,1.85
4/9/2020 19:00,14.5,
4/9/2020 19:00,8.9,3.204545455
4/9/2020 19:00,12.5,1.166666667
4/9/2020 19:00,10.6,1.552083328
4/9/2020 19:00,8.7,3.913690488
4/9/2020 20:00,11.4,1.333333333
4/9/2020 20:00,10.7,2
4/9/2020 20:00,9.1,3.666666667
4/9/2020 20:00,5.7,5
4/9/2020 20:00,14.5,
4/9/2020 20:00,11.5,
4/9/2020 20:00,8.7,3.719696955
4/9/2020 20:00,11.7,0.666666667
4/9/2020 20:00,10.6,1.916666667
4/9/2020 20:00,12.5,1
4/9/2020 20:00,11.6,2
4/9/2020 20:00,12.2,0.571428571
4/9/2020 20:00,13.8,0.811111117
4/9/2020 20:00,8.9,3.142857143
4/9/2020 20:00,13.5,0.5
4/9/2020 20:00,9,3.5
4/9/2020 21:00,13.8,0.651515159
4/9/2020 21:00,11.5,
4/9/2020 21:00,12.5,0
4/9/2020 21:00,13.5,0
4/9/2020 21:00,11.4,
4/9/2020 21:00,10.6,1.375
4/9/2020 21:00,9.1,3
4/9/2020 21:00,14.5,0.5
4/9/2020 21:00,9,0
4/9/2020 21:00,11.6,1.2
4/9/2020 21:00,5.7,5
4/9/2020 21:00,8.9,2.166666667
4/9/2020 21:00,12.2,0.333333333
4/9/2020 21:00,11.7,0.833333333
4/9/2020 21:00,10.7,0.25
4/9/2020 21:00,8.7,3.583333313
4/9/2020 22:00,5.7,5.5
4/9/2020 22:00,11.7,1
4/9/2020 22:00,9.1,1
4/9/2020 22:00,8.9,1.833333333
4/9/2020 22:00,11.6,2
4/9/2020 22:00,12.5,
4/9/2020 22:00,12.2,0
4/9/2020 22:00,14.5,
4/9/2020 22:00,11.4,
4/9/2020 22:00,11.5,0
4/9/2020 22:00,9,
4/9/2020 22:00,10.6,1
4/9/2020 22:00,13.5,0
4/9/2020 22:00,8.7,3.75
4/9/2020 22:00,13.8,1.055555562
4/9/2020 22:00,10.7,
4/9/2020 23:00,11.5,
4/9/2020 23:00,11.7,1
4/9/2020 23:00,13.8,0.714285714
4/9/2020 23:00,8.7,4.0625
4/9/2020 23:00,9.1,2
4/9/2020 23:00,9.5,
4/9/2020 23:00,12.2,1
4/9/2020 23:00,11.6,
4/9/2020 23:00,12.5,0
4/9/2020 23:00,9,
4/9/2020 23:00,5.7,1
4/9/2020 23:00,13.5,
4/9/2020 23:00,11.4,
4/9/2020 23:00,14.5,0
4/9/2020 23:00,10.7,0.5
4/9/2020 23:00,10.6,0.5
4/10/2020 0:00,10.7,
4/10/2020 0:00,12.5,
4/10/2020 0:00,11.7,1
4/10/2020 0:00,13.5,0.5
4/10/2020 0:00,11.5,1.5
4/10/2020 0:00,9,0
4/10/2020 0:00,11.4,
4/10/2020 0:00,9.1,
4/10/2020 0:00,13.8,0.6
4/10/2020 0:00,5.7,2.5
4/10/2020 0:00,10.6,1
4/10/2020 0:00,11.6,
4/10/2020 0:00,14.5,
4/10/2020 0:00,8.7,3.375
4/10/2020 0:00,12.2,1
4/10/2020 1:00,9.1,
4/10/2020 1:00,11.4,
4/10/2020 1:00,10.7,
4/10/2020 1:00,10.6,1
4/10/2020 1:00,11.5,
4/10/2020 1:00,8.7,4.5
4/10/2020 1:00,12.5,0
4/10/2020 1:00,11.6,
4/10/2020 1:00,12.2,
4/10/2020 1:00,13.8,0
4/10/2020 1:00,8.9,1.5
4/10/2020 1:00,9,
4/10/2020 1:00,5.7,
4/10/2020 1:00,13.5,0
4/10/2020 1:00,14.5,
4/10/2020 1:00,11.7,
4/10/2020 2:00,13.8,0.333333333
4/10/2020 2:00,11.4,
4/10/2020 2:00,9,
4/10/2020 2:00,13.4,1.320965846
4/10/2020 2:00,8.7,
4/10/2020 2:00,11.5,
4/10/2020 2:00,10.7,3
4/10/2020 2:00,14.5,
4/10/2020 2:00,13.5,1
4/10/2020 2:00,9.1,1
4/10/2020 2:00,11.7,0.25
4/10/2020 2:00,11.6,0
4/10/2020 2:00,12.2,
4/10/2020 2:00,10.6,0.333333333
4/10/2020 3:00,14.5,
4/10/2020 3:00,11.7,0
4/10/2020 3:00,10.6,0.666666667
4/10/2020 3:00,8.7,5
4/10/2020 3:00,9.1,
4/10/2020 3:00,5.7,0
4/10/2020 3:00,11.4,0
4/10/2020 3:00,10.7,
4/10/2020 3:00,13.4,0.5
4/10/2020 3:00,13.5,0.5
4/10/2020 3:00,13.8,0.75
4/10/2020 3:00,9,
4/10/2020 3:00,11.6,
4/10/2020 3:00,12.5,
4/10/2020 3:00,12.2,0.1
4/10/2020 4:00,8.7,
4/10/2020 4:00,13.4,0
4/10/2020 4:00,12.5,
4/10/2020 4:00,12.2,0
4/10/2020 4:00,11.5,
4/10/2020 4:00,9.1,0
4/10/2020 4:00,13.5,
4/10/2020 4:00,11.6,
4/10/2020 4:00,10.7,
4/10/2020 4:00,13.8,
4/10/2020 4:00,9,0
4/10/2020 4:00,11.7,1
4/10/2020 4:00,10.6,0
4/10/2020 4:00,5.7,
4/10/2020 4:00,14.5,1
4/10/2020 4:00,11.4,
4/10/2020 5:00,14.5,
4/10/2020 5:00,11.5,1
4/10/2020 5:00,13.8,
4/10/2020 5:00,9,
4/10/2020 5:00,9.1,0
4/10/2020 5:00,10.6,0.5
4/10/2020 5:00,13.5,1
4/10/2020 5:00,12.2,0.333333333
4/10/2020 5:00,12.5,
4/10/2020 5:00,11.7,0
4/10/2020 5:00,13.4,1.4
4/10/2020 5:00,10.7,0
4/10/2020 5:00,11.6,
4/10/2020 5:00,8.7,
4/10/2020 6:00,10.6,0.333333333
4/10/2020 6:00,13.4,1
4/10/2020 6:00,9.1,
4/10/2020 6:00,12.2,1
4/10/2020 6:00,9,0
4/10/2020 6:00,13.8,0.333333343
4/10/2020 6:00,8.7,
4/10/2020 6:00,14.5,
4/10/2020 6:00,13.5,
4/10/2020 6:00,12.5,
4/10/2020 6:00,11.5,
4/10/2020 6:00,11.6,
4/10/2020 6:00,11.7,0.75
4/10/2020 6:00,11.4,
4/10/2020 6:00,10.7,
4/10/2020 7:00,9,
4/10/2020 7:00,10.6,1
4/10/2020 7:00,9.1,
4/10/2020 7:00,11.6,1
4/10/2020 7:00,13.5,1
4/10/2020 7:00,8.7,1
4/10/2020 7:00,12.5,
4/10/2020 7:00,13.4,0.777777781
4/10/2020 7:00,14.5,
4/10/2020 7:00,11.5,1
4/10/2020 7:00,13.8,0.5
4/10/2020 7:00,11.7,
4/10/2020 7:00,12.2,1
4/10/2020 7:00,10.7,
4/10/2020 7:00,11.4,
4/10/2020 8:00,11.4,
4/10/2020 8:00,14.5,1
4/10/2020 8:00,11.6,1
4/10/2020 8:00,10.7,
4/10/2020 8:00,9.1,1
4/10/2020 8:00,12.2,0.5
4/10/2020 8:00,8.9,
4/10/2020 8:00,9,0
4/10/2020 8:00,11.5,
4/10/2020 8:00,13.8,1
4/10/2020 8:00,13.4,0.8
4/10/2020 8:00,12.5,
4/10/2020 8:00,13.5,0.5
4/10/2020 8:00,11.7,
4/10/2020 8:00,8.7,0
4/10/2020 8:00,10.6,0
4/10/2020 9:00,10.6,
4/10/2020 9:00,8.9,0
4/10/2020 9:00,9,
4/10/2020 9:00,11.6,1
4/10/2020 9:00,13.5,0
4/10/2020 9:00,11.5,
4/10/2020 9:00,12.5,1
4/10/2020 9:00,13.8,1
4/10/2020 9:00,13.4,0
4/10/2020 9:00,11.7,
4/10/2020 9:00,8.7,1
4/10/2020 9:00,9.1,1
4/10/2020 9:00,10.7,1
4/10/2020 9:00,12.2,
4/10/2020 9:00,14.5,0
4/10/2020 10:00,12.2,0.25
4/10/2020 10:00,10.6,0
4/10/2020 10:00,8.9,1
4/10/2020 10:00,13.5,0.5
4/10/2020 10:00,10.7,
4/10/2020 10:00,12.5,
4/10/2020 10:00,11.6,1
4/10/2020 10:00,9.1,
4/10/2020 10:00,11.4,
4/10/2020 10:00,9,
4/10/2020 10:00,11.7,0.5
4/10/2020 10:00,13.8,
4/10/2020 10:00,13.4,0
4/10/2020 11:00,10.6,1
4/10/2020 11:00,13.5,0
4/10/2020 11:00,9,
4/10/2020 11:00,11.7,0
4/10/2020 11:00,11.6,
4/10/2020 11:00,8.9,
4/10/2020 11:00,12.2,0.333333333
4/10/2020 11:00,13.8,
4/10/2020 11:00,10.7,0
4/10/2020 11:00,9.1,
4/10/2020 11:00,11.4,0.25
4/10/2020 11:00,14.5,
4/10/2020 11:00,13.4,0.333333333
4/10/2020 11:00,12.5,0.5
4/10/2020 12:00,13.8,0.5
4/10/2020 12:00,9,
4/10/2020 12:00,13.4,0
4/10/2020 12:00,14.5,1
4/10/2020 12:00,10.6,0.5
4/10/2020 12:00,11.6,
4/10/2020 12:00,13.5,0
4/10/2020 12:00,9.1,
4/10/2020 12:00,12.5,1
4/10/2020 12:00,8.9,
4/10/2020 12:00,7.4,1.660661379
4/10/2020 12:00,11.7,
4/10/2020 12:00,11.4,1
4/10/2020 12:00,12.2,0.5
4/10/2020 12:00,10.7,0.5
4/10/2020 13:00,10.6,0.75
4/10/2020 13:00,11.6,
4/10/2020 13:00,7.4,
4/10/2020 13:00,13.4,0
4/10/2020 13:00,11.7,1
4/10/2020 13:00,11.4,
4/10/2020 13:00,13.5,
4/10/2020 13:00,12.2,0.5
4/10/2020 13:00,10.7,1
4/10/2020 13:00,13.8,0.625
4/10/2020 13:00,9.1,0
4/10/2020 13:00,8.9,0.5
4/10/2020 14:00,10.6,0
4/10/2020 14:00,9,0
4/10/2020 14:00,8.9,0
4/10/2020 14:00,13.8,0
4/10/2020 14:00,10.7,0
4/10/2020 14:00,7.4,0
4/10/2020 14:00,13.4,0.5
4/10/2020 14:00,14.5,
4/10/2020 14:00,11.7,0.333333333
4/10/2020 14:00,9.1,1
4/10/2020 14:00,11.6,
4/10/2020 14:00,13.5,
4/10/2020 14:00,12.2,0.333333333
4/10/2020 14:00,11.4,
4/10/2020 14:00,12.5,1
4/10/2020 15:00,5.7,0.5
4/10/2020 15:00,10.6,0
4/10/2020 15:00,13.5,0
4/10/2020 15:00,13.4,0
4/10/2020 15:00,9,
4/10/2020 15:00,10.7,
4/10/2020 15:00,11.4,
4/10/2020 15:00,11.7,1
4/10/2020 15:00,11.6,1
4/10/2020 15:00,7.4,0.25
4/10/2020 15:00,12.2,1
4/10/2020 15:00,8.9,
4/10/2020 15:00,14.5,1
4/10/2020 15:00,12.5,1
4/10/2020 15:00,9.1,
4/10/2020 15:00,13.8,0
4/10/2020 16:00,13.8,0.5
4/10/2020 16:00,11.7,
4/10/2020 16:00,8.9,
4/10/2020 16:00,10.6,0.333333333
4/10/2020 16:00,14.5,1
4/10/2020 16:00,5.7,
4/10/2020 16:00,9.1,0
4/10/2020 16:00,13.5,0
4/10/2020 16:00,10.7,1
4/10/2020 16:00,12.2,1
4/10/2020 16:00,9,
4/10/2020 16:00,7.4,0
4/10/2020 16:00,13.4,0.5
4/10/2020 16:00,11.6,1
4/10/2020 17:00,9.1,
4/10/2020 17:00,10.6,0.5
4/10/2020 17:00,7.4,
4/10/2020 17:00,13.8,
4/10/2020 17:00,13.4,0
4/10/2020 17:00,8.9,
4/10/2020 17:00,11.4,0.5
4/10/2020 17:00,13.5,
4/10/2020 17:00,12.5,
4/10/2020 17:00,9,
4/10/2020 17:00,10.7,
4/10/2020 17:00,11.7,
4/10/2020 17:00,14.5,
4/10/2020 17:00,11.6,
4/10/2020 17:00,12.2,
4/10/2020 18:00,10.7,1
4/10/2020 18:00,13.8,0.666666667
4/10/2020 18:00,13.5,
4/10/2020 18:00,12.5,0.5
4/10/2020 18:00,7.4,
4/10/2020 18:00,9.1,
4/10/2020 18:00,14.5,
4/10/2020 18:00,9,1
4/10/2020 18:00,11.7,0.5
4/10/2020 18:00,8.9,
4/10/2020 18:00,12.2,1
4/10/2020 18:00,5.7,1
4/10/2020 18:00,10.6,
4/10/2020 18:00,13.4,0.666666667
4/10/2020 18:00,11.6,0
4/10/2020 19:00,11.4,1
4/10/2020 19:00,13.8,0
4/10/2020 19:00,9.5,0
4/10/2020 19:00,8.9,0
4/10/2020 19:00,14.5,0
4/10/2020 19:00,9,1
4/10/2020 19:00,10.6,0.333333333
4/10/2020 19:00,10.7,0.666666667
4/10/2020 19:00,11.7,1
4/10/2020 19:00,8.7,0.400000006
4/10/2020 19:00,13.4,0.333333333
4/10/2020 19:00,11.5,0
4/10/2020 19:00,7.4,0
4/10/2020 19:00,12.5,
4/10/2020 19:00,12.2,0.5
4/10/2020 19:00,13.5,
4/10/2020 19:00,11.6,1
4/10/2020 19:00,9.1,0
4/10/2020 20:00,13.4,0
4/10/2020 20:00,13.5,1
4/10/2020 20:00,8.7,1
4/10/2020 20:00,9.5,
4/10/2020 20:00,11.6,1
4/10/2020 20:00,14.5,
4/10/2020 20:00,11.7,0.5
4/10/2020 20:00,13.8,0.5
4/10/2020 20:00,10.6,0
4/10/2020 20:00,12.2,0.5
4/10/2020 20:00,7.4,1
4/10/2020 20:00,10.7,
4/10/2020 20:00,9.1,1
4/10/2020 20:00,5.7,
4/10/2020 20:00,11.4,
4/10/2020 20:00,9,
4/10/2020 21:00,8.9,
4/10/2020 21:00,10.7,
4/10/2020 21:00,14.5,
4/10/2020 21:00,10.6,0.333333333
4/10/2020 21:00,13.4,0.5
4/10/2020 21:00,7.4,0
4/10/2020 21:00,8.7,
4/10/2020 21:00,12.5,
4/10/2020 21:00,11.4,
4/10/2020 21:00,11.6,1
4/10/2020 21:00,13.5,0
4/10/2020 21:00,9.1,1
4/10/2020 21:00,11.7,0.5
4/10/2020 21:00,5.7,
4/10/2020 21:00,11.5,1
4/10/2020 21:00,12.2,0.5
4/10/2020 21:00,13.8,0
4/10/2020 21:00,9,
4/10/2020 22:00,10.7,
4/10/2020 22:00,8.7,
4/10/2020 22:00,11.6,1
4/10/2020 22:00,11.4,1
4/10/2020 22:00,12.2,1
4/10/2020 22:00,11.5,
4/10/2020 22:00,13.4,1
4/10/2020 22:00,8.9,1
4/10/2020 22:00,9,0
4/10/2020 22:00,10.6,0.5
4/10/2020 22:00,5.7,
4/10/2020 22:00,11.7,1
4/10/2020 22:00,9.1,0.333333333
4/10/2020 22:00,14.5,1
4/10/2020 22:00,13.8,0.666666667
4/10/2020 22:00,7.4,0
4/10/2020 22:00,13.5,0.5
4/10/2020 23:00,8.9,
4/10/2020 23:00,11.7,
4/10/2020 23:00,11.6,
4/10/2020 23:00,11.5,
4/10/2020 23:00,5.7,0
4/10/2020 23:00,9,
4/10/2020 23:00,10.7,1
4/10/2020 23:00,12.5,
4/10/2020 23:00,13.8,1
4/10/2020 23:00,10.6,0.333333333
4/10/2020 23:00,14.5,
4/10/2020 23:00,11.4,
4/10/2020 23:00,9.1,1
4/10/2020 23:00,13.4,0.5
4/10/2020 23:00,7.4,1
4/10/2020 23:00,8.7,
4/10/2020 23:00,12.2,0
4/10/2020 23:00,13.5,1
4/11/2020 0:00,11.7,0
4/11/2020 0:00,9,
4/11/2020 0:00,9.1,0
4/11/2020 0:00,10.6,
4/11/2020 0:00,12.2,
